country,source,list_types,licence,access,frequency,personal_data_risk,gate_rating,url
Global,Overture Maps - places theme,"Local businesses, schools, hospitals, religious sites, landmarks (any list type with a physical place)",CDLA-Permissive-2.0 for places [S]; per-record licence field is kept (repo rule); attribution required,"Parquet on S3/Azure, CLI, DuckDB; bulk by region",Monthly-ish releases (2026-01-21 to 2026-08-19 seen) [S],"Low-medium: business names, phones, websites; some sole-trader names; confidence score 0-1 per place [S]",green,https://docs.overturemaps.org/attribution
Global,"Overture Maps - addresses, divisions, base, buildings themes","Address points, admin areas, land use, buildings (place tree and geocoding)","Mixed per record: some inputs are OSM (ODbL, share-alike) [BG]; read the per-feature licence",Same as places,Monthly-ish,Low (addresses are not tied to people in the file),amber,https://docs.overturemaps.org/attribution
Global,Foursquare Open Source Places (FSQ OS Places),"100M+ POIs worldwide; 22 core attributes (name, address, geo, website, category, social handles) [S]","Apache-2.0, commercial use allowed [S]","Parquet on S3, Hugging Face, Snowflake; bulk",Monthly [S],Low-medium: social handles and some sole-trader names,green,https://docs.foursquare.com/data-products/docs/fsq-places-open-source
Global,GeoNames,"Place names, admin hierarchy, postal codes, coordinates (the place tree, not businesses)","CC BY 4.0, credit with a link [S]",allCountries.zip and per-country dumps at download.geonames.org/export/dump/,Daily dump [S],None,green,https://www.geonames.org/export/
Global,"OpenStreetMap (planet, Geofabrik country extracts)","POIs (shops, clinics, schools, workshops), roads, admin areas; best for the informal long tail in South Asia and Africa [I]",ODbL 1.0: attribution plus share-alike for any adapted database [S],"Geofabrik daily extracts [S], planet file, Overpass API (rate limited)",Minute-level planet; Geofabrik daily,Low-medium: some mappers add personal phone numbers,amber,https://osmfoundation.org/wiki/Licence_and_Legal_FAQ
Global,Wikidata,"Organisations, universities, hospitals, companies, places with identifiers (cross-walk key between sources)",CC0 for structured data [S],Weekly JSON dump at dumps.wikimedia.org/wikidatawiki/entities/ [S]; SPARQL; API,Weekly dump; live edits,Low for organisations; HIGH for person items (filter them out),green,https://dumps.wikimedia.org/wikidatawiki/entities/
Global,Wikipedia and Wikimedia Commons text and images,"Descriptions of institutions, universities, hospitals",Text CC BY-SA 4.0 (share-alike) [BG]; images vary per file,"Dumps, API",Twice-monthly dumps [BG],Low-medium (biographies of living people),amber,https://dumps.wikimedia.org/legal.html
Global,GLEIF Golden Copy (LEI),"Legal entities with an LEI (large firms, banks, funds, exporters); parent-child links",CC0 [BG]; snippet confirms free daily files but does not show the licence,"Golden Copy and delta files download (daily; 8-hour, 24-hour, 7-day, 31-day deltas) [S]",Daily [S],Low,green,https://www.gleif.org/en/lei-data/gleif-golden-copy/download-the-golden-copy
Global,ROR (Research Organization Registry),"Universities, research institutes, hospitals-as-research-orgs (113,528 records in v1.60 [S])",CC0 [S],"Zenodo data dump (JSON and CSV), REST API",Versioned releases several times a year [S],None,green,https://ror.org/
Global,OpenAlex (institutions table),"Institutions (universities, hospitals, companies in research); works and authors exist but are person data","CC0 snapshot on public AWS bucket [R]; since 13 Feb 2026 the API needs a free key and has usage pricing [R, UNVERIFIED]",S3 snapshot; API,Roughly monthly snapshot [BG],Low for institutions; HIGH for authors (do not import),green,https://openalex.org/
Global,ORCID public data file,Researchers who chose public visibility (use only after a person registers and signs in) [R],CC0 file; ORCID asks that emails are not used for bulk mail and that opt-out is offered [R],Annual public data file; public API,Annual,HIGH: named individuals,amber,https://info.orcid.org/documentation/integration-guide/working-with-bulk-data/
Global,OpenCorporates,Company registry records from 140+ jurisdictions (cross-check and gap filling),ODbL share-alike for the open tier; commercial users need a paid licence [S],API key required; free for open-data projects under same licence [S],Varies by registry,Low-medium (officers are named),amber,https://opencorporates.com/terms-of-use-2/
Global,Healthsites.io (Global Healthsites Mapping Project),"Health facilities worldwide (OSM-derived), including Turkey and Pakistan sets on HDX/opendata.com.pk [R]",ODbL [S],"API, GeoJSON, Shapefile, KML, CSV [S]",Continuous from OSM; snapshots vary,Low,amber,https://wiki.openstreetmap.org/wiki/Global_Healthsites_Mapping_Project
Global,Humanitarian Data Exchange (HDX),"Health sites, admin boundaries, schools, populated places for many countries",Licence is chosen by each data owner (CC licences and others); read it per dataset [S],CKAN downloads and API,Per dataset,Low-medium per dataset,amber,https://data.humdata.org/faqs/licenses
Global,OpenAddresses,Address points by country from government sources,"Per-source licence, mixed [BG]",Bulk downloads by source,Per source,Low,amber,https://openaddresses.io/
Global,AllThePlaces (open spiders of chain store locators),Chain and franchise outlets (a source inside Overture: 1.75M features in the April 2026 release [S]),"Output published openly [BG]; the underlying websites are scraped, so check per brand","GitHub project, daily outputs",Daily,Low,amber,https://alltheplaces.xyz/
Global,Web Data Commons (schema.org markup extracted from Common Crawl),"LocalBusiness, Organization, Place markup from business websites","Facts are extracted from third-party pages; rights stay with each site owner; Common Crawl terms not read [BG, UNVERIFIED]",Yearly dumps,Yearly,Medium: contact details of sole traders,amber,https://webdatacommons.org/structureddata/
Global,"Owner and contributor submissions with consent (claim flow, housing-society opt-in, officer-pasted lists with declared rights D11)","Any list type; the only route for informal trades (plumbers, tutors, domestic help)",Contributor grants the licence and declares the right to share (D11); consent status stored (D17) [R],"Web form, CSV paste, claim by OTP","On submission; re-confirm every 90 days [R, I]",Medium: consent and removal route required,green,docs/MASTER_DOCUMENT.md#71
Global,"A business's own website, read by an agent that respects robots.txt and terms (agent_fetch, one record at a time)","Fills gaps: website, phone, hours, category for a business already in the draft set",Site terms apply; robots.txt must allow; repo default is amber [R],"backend/agents fetcher (no redirects, public IPs only, size cap)",Per job,Medium: staff names and personal mobiles on the page,amber,https://developers.google.com/search/docs/crawling-indexing/robots/intro
Pakistan,PMDC online register,"Doctors, dentists (366,443 reported, undated [R, UNVERIFIED]); lookup shows licence validity and qualifications",Terms not found; UNVERIFIED,"One-record search by registration no., name or father's name; no export found [R]",Live (renewals); unknown,"HIGH: named individuals, father's name",amber,https://pmdc.pk/
Pakistan,"Punjab Healthcare Commission (HCE portal, licence verify)","Hospitals, clinics, labs, diagnostic centres: 64,000+ registered, 41,000+ licensed [R, undated]",Terms not found; UNVERIFIED,Verify by licence number; browse/list view unconfirmed [R],Live; unknown,Low (facilities); owner names may appear,amber,https://os.phc.org.pk/verify.aspx
Pakistan,"KP HCC, Sindh HCC, IHRA (Islamabad), Balochistan HCC","Private health facilities by province (KP 23,041 registered; Sindh about 14,000 of an estimated 100,000 [R, undated])",Terms not found; UNVERIFIED,No public searchable list found [R]; cross-check only,Unknown,Low,amber,https://ihra.gov.pk/
Pakistan,"DRAP (lists of pharmaceutical units, Registered Drugs Index)","Drug manufacturers (about 1,380), importers and distributors (about 2,500) [R]; retail pharmacies are provincial and have no national list [R]",Terms not found; UNVERIFIED,Web lists and PDFs on dra.gov.pk,Unknown,Low,amber,https://www.dra.gov.pk/
Pakistan,PNRA licensed radiation facility lists,"X-ray, CT, medical radiation, nuclear medicine facilities (MRI is not radiation-licensed, so MRI centres are not covered [I])",Terms not found; UNVERIFIED,Links to PDF/web lists on pnra.org/r-safety.html [R],Unknown,Low,amber,https://pnra.org/r-safety.html
Pakistan,"opendata.com.pk (Pakistan Health Sites, Pakistan Health Facilities, PBS public health facilities 2021)",Mostly government health facilities with type and coordinates,Licence per dataset; Health Sites is OSM/Healthsites-derived (ODbL) [R],CSV and ZIP download [R],Static snapshots (2021 and earlier),Low,amber,https://opendata.com.pk/dataset/pakistan-health-sites
Pakistan,PEIRA registered private educational institutions (Islamabad),Private schools and colleges registered or renewed under the 2024 Rules [S],Terms not found; UNVERIFIED,Public paginated report psms.peira.gov.pk (rpt_registered_peis.php) [S],Rolling with renewals,Low,amber,https://psms.peira.gov.pk/admin/rpt_registered_peis.php
Pakistan,HEC recognised universities and campuses,179 degree-awarding institutions (older figure) [S]; campuses,Terms not found; UNVERIFIED,Web list by province and sector on hec.gov.pk,Updated at HEC discretion,Low,amber,https://www.hec.gov.pk/english/universities/Pages/DAIs/HEC-recognized-Campuses.aspx
Pakistan,SECP company register (eServices),"Companies: CUIN, name, kind, incorporation date, registered office, status [S]","Not an open licence; basic search free, certified extracts PKR 200-3,000; list supply is a paid service (PKR 2 per data field, minimum PKR 500) [S]",Per-company search; lists by paid request to SECP,Live,Low-medium: directors in extracts,amber,https://eservices.secp.gov.pk/
Pakistan,Pakistan Engineering Council (PEC) constructor and consultant register,Contractors C-A to C-6 (cost-capacity categories) and consulting engineers [R],"Terms not found; public online search unconfirmed [R, UNVERIFIED]",Unknown,Unknown,Medium: individual engineers and sole proprietors,amber,https://www.pec.org.pk/
Pakistan,PPRA / EPADS tender award notices,"Firms that won public contracts (contractors, suppliers) with value and date",Public notices; reuse terms not found; UNVERIFIED. The supplier register itself is probably login-gated [R],"Web and PDF notices; the 51,000-supplier register is not confirmed public [R]",Continuous,Low-medium,amber,https://www.ppra.org.pk/
Pakistan,TDAP Pakistan Exporters Directory,"Exporters by HS code, product category, size band (large, medium, small) [S]",Terms not found; repo default is amber [R],Web search at pakistanexportersdirectory.gov.pk; launched 2017 [S]; current status unverified,Unknown,Medium: contact people,amber,https://www.pakistanexportersdirectory.gov.pk/
Pakistan,"Chambers and associations: FPCCI (general body, executive committee, bilateral business councils), KCCI (18,000+ members [S]), LCCI, RCCI, ABAD, OSP branches","Manufacturers, traders, builders, eye specialists (with permission)",Member lists are the chamber's property; repo default is amber [R]; seek written permission,"PDF lists (FPCCI posts them [S]), member pages, officer-supplied CSV under D11",Annual,Medium-high: proprietors' mobiles,amber,https://fpcci.org.pk/
Pakistan,ICAP and ICMAP member directories; Pakistan Bar Council and provincial bar rolls,"Accountants, advocates (verification of nominated individuals)",Terms not found; UNVERIFIED,Member directory lookups; some PDF rolls,Unknown,HIGH: named individuals,amber,https://icap.org.pk/
India,Open Government Data Platform India (data.gov.in),"230,000+ datasets as of July 2026 [S]: facilities, schools, hospitals, industrial units, tourism, ministry registers","GODL-India: commercial and non-commercial use, adaptation and derivative works for shareable non-sensitive data [S]; check each dataset's own terms",Portal downloads and API with free key [S],Per dataset (many are annual),Low (non-sensitive data only),green,https://data.gov.in/
India,UDISE+ (school directory and dashboards),"Government and private schools, 14.72 lakh [S]; school-level facilities",A copy is on OGD (so GODL-India applies to that copy) [S]; udiseplus.gov.in own terms not read,"Dashboards, reports, APIs for researchers [S]; OGD downloads",Annual,Low at school level (teacher and student level is restricted),amber,https://udiseplus.gov.in/
India,AISHE (higher education institutions) and AICTE approved institutions,"Universities, colleges, technical institutions",Terms not read; UNVERIFIED [BG for AICTE dashboard],"Annual survey reports, web lists, dashboards",Annual,Low,amber,https://aishe.gov.in/
India,NMC Indian Medical Register (IMR) and new National Medical Register,"Doctors: 1.4M+; number, council, qualification, university, address, year [R]",Terms not found; UNVERIFIED. Apify scrapers exist but that is not permission [R],"Public search; no bulk found; data current to about 2021 with gaps (Karnataka, Arunachal, Delhi) [R]",Stale (2021) until NMR is complete,HIGH: named individuals with addresses,amber,https://nmc.org.in/information-desk/indian-medical-register
India,MCA company master data (View Company/LLP Master Data),"Companies and LLPs: CIN, name, address, status, class, dates",Terms not read; bulk is sold through paid APIs and resellers [S]; whether any MCA data is on OGD under GODL is not confirmed [R],Per-company lookup with export to Excel [S],Live,Low-medium (directors),amber,https://www.mca.gov.in/
India,"Per-record verifiers: GST taxpayer search, Udyam (MSME) verify, FSSAI licence check","Verification of a nominated business by GSTIN, Udyam number or FSSAI number [S]","Lookup tools; captcha gated (GST, Udyam) [S]; automated bypass would be red",One record at a time by number or PAN [S],Live,Medium: sole proprietors; PAN-linked,amber,https://services.gst.gov.in/services/searchtp
India,"Export promotion councils and chambers (FIEO, EEPC, CII, FICCI, state chambers)","Exporters, manufacturers by sector","Member directories belong to each body; terms not read [BG, UNVERIFIED]",Web directories; ask for CSV under D11,Annual,Medium-high,amber,https://www.fieo.org/
Bangladesh,data.gov.bd national open data portal,"Datasets from 35+ ministries and agencies (health, education, local government)",In general the Open Government Licence (commercial use allowed) [S]; confirm per dataset,Portal downloads,Per dataset,Low,green,https://data.gov.bd/
Bangladesh,"RJSC (Registrar of Joint Stock Companies and Firms), e-service","Companies, firms, societies, trade organisations","Terms not found; UNVERIFIED. Name search free; extracts BDT 200-2,000 [S]",Per-record search; no public API [BG],Live,Low-medium,amber,https://app.roc.gov.bd/psp/nc_search
Bangladesh,BMDC verification portal,"Physicians (134,568), dentists (14,323), medical assistants (2,918), undated [R]; about 36,000 practise without renewal [R]",Terms not found; UNVERIFIED,verify.bmdc.org.bd lookup,Live,HIGH: named individuals,amber,https://verify.bmdc.org.bd/
Bangladesh,DGHS Facility Registry (Shared Health Record) and Hospitals and Clinics Branch,"Government and private hospitals, clinics, diagnostic centres, blood banks [S]","Terms not found; public access unconfirmed [S, UNVERIFIED]",Registry inside SHR; public export unknown,Unknown,Low,amber,https://info.shr.dghs.gov.bd/
Bangladesh,BPERB licensed engineers database; IEB,Licensed engineers,"Terms not found; public search unconfirmed [R, UNVERIFIED]",Unknown,Unknown,Medium-high,amber,https://en.wikipedia.org/wiki/Professional_Engineers_of_Bangladesh
Bangladesh,"BGMEA, BKMEA, FBCCI, DCCI, MCCI, CCCI member directories","Garment and knitwear manufacturers and exporters, traders","Member directories belong to each body [BG, UNVERIFIED]",Web directories; ask for CSV under D11,Annual,Medium,amber,https://www.bgmea.com.bd/
UAE,Bayanat (national open data portal),"Federal and emirate datasets (health, education, economy)",CC BY 4.0 [S],Portal downloads and API,Per dataset,Low,green,https://bayanat.ae/
UAE,Dubai Pulse / Dubai Data,"420+ open and shared datasets from 35 entities (e.g. municipality, KHDA schools, DHA) [S]",Open datasets vs shared datasets; terms of use per dataset [S],Portal downloads and API; shared sets need an agreement,Per dataset,Low-medium,amber,https://www.dubaipulse.gov.ae/
UAE,"Dubai Municipality: Consultants, Contractors and Suppliers Data",Registered engineering consultancies and contracting companies [R],"Terms not found; format unverified [R, UNVERIFIED]; a 2025 law makes DM keep a unified contractor register [R]",Published on dm.gov.ae (format unknown),Unknown,Low,amber,https://www.dm.gov.ae/municipality-business/consultants-contractors-and-suppliers-data/
UAE,Dubai DET (ex-DED) licence search; Abu Dhabi ADDED/TAMM licence finder,"Mainland licensed businesses with activity code (3,000+ activities) [S]",Terms not found; UNVERIFIED,Per-record lookups; no bulk found; TAMM is login-based for most services [S],Live,Low-medium,amber,https://dubaidet.gov.ae/
UAE,"DHA Sheryan, DOH Abu Dhabi, MOHAP professional and facility lookups","Doctors, nurses, dentists, pharmacists, facilities",Terms not found; UNVERIFIED. No bulk or public DOH/MOHAP register found [R],Lookup by ID; mirrors like zavis.ai are third-party and not official [R],Live,HIGH for professionals; low for facilities,amber,https://sheryan.dha.gov.ae/
UAE,KHDA private school directory and inspection ratings (Dubai),"Private schools, curriculum, fees, ratings","Terms not read [BG, UNVERIFIED]; some KHDA data is on Dubai Pulse [S]",Web pages; Dubai Pulse datasets,Annual,Low,amber,https://web.khda.gov.ae/
UAE,"Chambers (Dubai Chambers, Abu Dhabi Chamber, Sharjah CCI) and free zone public registers (DMCC, JAFZA, DIFC)",Member companies by sector; free-zone licensees,"Terms not read [BG, UNVERIFIED]",Web directories and public register pages,Live,Low-medium,amber,https://www.dubaichamber.com/
Saudi Arabia,Saudi Open Data Platform (open.data.gov.sa),"Datasets from MoH (hospital indicators by region, mental health, rehab), Balady, Ministry of Commerce, Monsha'at [S]",Open Data Commons Attribution Licence [S],Portal downloads and API,Per dataset,Low,green,https://open.data.gov.sa/
Saudi Arabia,Balady (municipal) open data,Municipal licensing and commercial outlets (contents unverified),Creative Commons per portal statement [S]; actual datasets UNVERIFIED,Portal downloads,Per dataset,Low,green,https://www.balady.gov.sa/en/open-data
Saudi Arabia,Ministry of Commerce commercial register query,Registered establishments by name or unified national number,"Free public query, no login [S]; reuse terms UNVERIFIED",Per-record; open data page at mc.gov.sa/en/OpenData [S],Live,Medium: sole traders,amber,https://mc.gov.sa/en/OpenData
Saudi Arabia,Monsha'at open data,"Counts of SMEs by size, activity, region (2019-2022) [S]; market sizing, not a list",Open data licence [S],Portal downloads,Annual,None,green,https://monshaat.gov.sa/en/node/12825
Saudi Arabia,SCFHS practitioner verification (Mumaris),Doctors and health practitioners,"Terms not read; lookup needs national ID, Iqama, passport or file number [R]",Verify one person with the person's own identifier; not browsable [R],Live,HIGH: needs national identifiers (never store),amber,https://scfhs.org.sa/en/node/1992
Saudi Arabia,Saudi Contractors Authority (Muqawil) classification,"About 142,000 contractors (undated) [R]; classification by field and grade","Terms not read; public search unconfirmed [R, UNVERIFIED]",Muqawil platform,Unknown,Low-medium,amber,https://muqawil.org/en/contractor-classification/info
Saudi Arabia,Saudi Council of Engineers open data,Six statistics datasets (engineer counts); accreditation e-services [S],Open data policy page [S]; downloads in several formats,Portal downloads,Unknown,Low (statistics),green,https://saudieng.sa/English/HelpandSupport/OpenData/Pages/OpenDataPolicy.aspx
Saudi Arabia,"Council of Saudi Chambers and 28 regional chambers (Riyadh, Jeddah, Eastern Province and others)",Member companies by sector with business directory [S],Directory belongs to each chamber; terms not read [UNVERIFIED],Web directories,Unknown,Medium,amber,https://www.saudichambers.org.sa/
Egypt,"Egypt Open Data Portal (data.gov.eg, CKAN) and CAPMAS","Ministry datasets, statistics, public-health indicators [S]",Open Data Policy sets licensing rules; the licence of individual datasets is UNVERIFIED [S],CKAN downloads,Per dataset,Low,amber,https://data.gov.eg/
Egypt,GAFI and ITDA commercial register,"Companies (GAFI incorporation) and commercial register (ITDA, Ministry of Supply) [S]",Terms not found; public lookup UNVERIFIED [S],Investor service centre; no bulk found,Live,Low-medium,amber,https://www.gafi.gov.eg/
Egypt,Federation of Egyptian Chambers of Commerce (fedcoc.org.eg) and Federation of Egyptian Industries,Traders by governorate chamber; manufacturers,Directories belong to the bodies; terms not read [UNVERIFIED],Web directories,Unknown,Medium,amber,http://www.fedcoc.org.eg/
Egypt,Ministry of Health: Secretariat of Specialized Medical Centers,"82 centres and hospitals (47 multi-specialty, 12 single-specialty, 8 day-surgery, 12 oncology) with a map [S]",Terms not read; UNVERIFIED,Public website with interactive map,Unknown,Low,amber,https://en.wikipedia.org/wiki/List_of_hospitals_in_Egypt
Egypt,"Egyptian Medical Syndicate (230,000+ members) and GAHAR accredited facilities",Doctors; accredited health facilities,No public searchable register or directory found [R],Verification would be by request,Unknown,HIGH for doctors,amber,https://en.wikipedia.org/wiki/Egyptian_Medical_Syndicate
Egypt,GOV.UK Egypt: doctors and medical facilities (list for British nationals),"A curated, non-comprehensive list of private doctors and hospitals",Published by the UK government; Open Government Licence is likely [BG]; listed individuals did not agree to be in our directory,Web page,Occasional,Medium: named doctors,amber,https://www.gov.uk/government/publications/egypt-list-of-medical-facilities-practitioners/egypt-doctors-and-medical-facilities
Turkey,TOBB and local chambers of commerce and industry,"1.4M member firms in 365 chambers and exchanges (178 chambers of commerce and industry, 113 commodity exchanges) [S]",Member data belongs to chambers; terms not read [UNVERIFIED],TOBB lists chambers; each chamber has a member lookup (TicaretOdalari page) [S],Live,Medium: sole traders,amber,https://www.tobb.org.tr/Sayfalar/Eng/TicaretOdalari.php
Turkey,MERSIS (Ministry of Trade central registry),"Company name, tax number, address, status, representatives","Free only after signing up [S]; account-gated, so red for agents. If a public no-login query is confirmed, re-rate to amber","Query by name, tax number, trade registry or MERSIS number",Live,Medium: representatives named,red,https://mersis.gtb.gov.tr/
Turkey,Ministry of Health open data portal (acikveri.saglik.gov.tr) and veri.gov.tr,Possibly hospitals and clinics with names and addresses (contents unverified) [R],Licence UNVERIFIED,Portal downloads,Unknown,Low,amber,https://acikveri.saglik.gov.tr/
Turkey,"Turkey Healthsites (HDX, OSM-derived)",Health facilities,ODbL via Healthsites.io; licence on HDX not checked [R],HDX download,Snapshot,Low,amber,https://data.humdata.org/
Turkey,YOK (Council of Higher Education) university list and YOK Atlas,"About 200+ universities: 129 state, about 75 foundation [S]; programme statistics",Terms not read; UNVERIFIED,Web lists,Annual,Low,amber,https://www.yok.gov.tr/
Turkey,Istanbul Metropolitan Municipality and Izmir open data portals,"City facilities, licensed premises layers (contents unverified) [S]",Per-portal licence UNVERIFIED,Portal downloads and API,Per dataset,Low,amber,https://data.ibb.gov.tr/
Nigeria,CAC public search,"Registered companies, business names, incorporated trustees",Free public search (replaced the NGN 500 paid search) [R]; reuse terms UNVERIFIED,Per-record search; extracts and certified copies are paid [R],Live,Medium: proprietors and directors,amber,https://search.cac.gov.ng/
Nigeria,NAFDAC Greenbook,"Registered products (about 9,000: drugs 7,500, devices 1,100, vaccines 150, herbals 130, vet 90) with applicant and manufacturer [S]",Terms not read; UNVERIFIED,Public search at greenbook.nafdac.gov.ng,Live,Low,amber,https://greenbook.nafdac.gov.ng/
Nigeria,MDCN master register,Doctors and dentists,No public name search found; verification goes through DataFlow [R],Request-based,Unknown,HIGH,amber,https://mdcn.gov.ng/page/services/primary-source-verification
Nigeria,PCN (Pharmacists Council) premises registration,"Pharmacies (community, hospital, online) and pharmacists [S]",Public list not found; UNVERIFIED,Annual premises registration via PCN-Core app; public lookup unknown,Annual,Medium,amber,https://www.pcn.gov.ng/
Nigeria,COREN and CORBON verification portals,"Engineers and engineering firms (COREN); builders, building firms, technicians and craftsmen (CORBON) [R]",Terms not read; UNVERIFIED,"Verify by number, name, licence ID or QR code [R]; no bulk",Live,Medium-high,amber,https://bumap.corbon.gov.ng/search/
Nigeria,NUC accredited universities and JAMB institution lists,"Universities, polytechnics, colleges of education","Terms not read [BG, UNVERIFIED]",Web lists and PDFs,Annual,Low,amber,https://nuc.edu.ng/
Nigeria,"Lagos Chamber (LCCI), Manufacturers Association of Nigeria (MAN), NACCIMA directories","Manufacturers, traders","Member directories belong to each body [BG, UNVERIFIED]",Web directories; ask for CSV under D11,Annual,Medium,amber,https://lagoschamber.com/
Nigeria,GOV.UK Nigeria: List of Medical Facilities,Curated list of hospitals and clinics for British nationals,Published by the UK government; licence likely OGL [BG]; non-comprehensive [R],Web page,Occasional,Low-medium,amber,https://www.gov.uk/government/publications/nigeria-list-of-medical-facilitiespractitioners/nigeria-list-of-medical-facilities
Kenya,KMPDC registers: health facilities and ambulances,"All licensed facilities (public, private, mission; hospitals, clinics, nursing homes); 2026 list published [S]; 544 facilities shut and 454 licences cancelled in 2025 [S]",Terms not read; UNVERIFIED,Public register portal registers.kmpdc.go.ke; search by facility; downloadable list for 2026 reported [S],Annual licence cycle; live status,Low,amber,https://registers.kmpdc.go.ke/
Kenya,KMPDC registers: practitioners and specialists,"Doctors, dentists, specialists, interns (licensed for current year)",Terms not read; UNVERIFIED,Public search and published 2026 list [S],Annual,HIGH: named individuals,amber,https://registers.kmpdc.go.ke/
Kenya,NCA contractor register,"Contractors in 8 categories (NCA 1-8); 18,000 registered (undated) and 150,000+ accredited workers [R]",Terms not read; UNVERIFIED. Needs an active-licence filter after the January 2026 de-registration warning [R],'Search Registered Contractors' on nca.go.ke; no bulk found,Annual renewals,Medium: sole proprietors and accredited workers,amber,https://www.nca.go.ke/local-contractors
Kenya,Engineers Board of Kenya (EBK) register,Registered engineers and firms; list published in the Kenya Gazette and on the website [S],Gazette notices are public documents; reuse terms UNVERIFIED,Gazette PDF and website,Periodic,HIGH: named individuals,amber,https://ebk.or.ke/
Kenya,BRS eCitizen business search,"Companies, business names, LLPs",Paid per-record (name search KES 150; CR12 KES 650) [S]; not bulk,brs.ecitizen.go.ke,Live,Medium,amber,https://brs.ecitizen.go.ke/
Kenya,Kenya Open Data (opendata.go.ke),"Government datasets (schools, health facilities, counties)","2013 statement: no restriction on commercial reuse, acknowledge source [S]; current licence and portal status UNVERIFIED",Portal downloads,Stale in places [BG],Low,amber,https://www.opendata.go.ke/
Kenya,Ministry of Education NEMIS and school lists,"9,112 public secondary and 3,915 private schools captured [S]",No public download confirmed; UNVERIFIED,NEMIS is an internal system; county school lists appear as PDFs,Unknown,Low at school level; HIGH at learner level (never),amber,https://nemis.education.go.ke/
Kenya,Pharmacy and Poisons Board licensed premises; KNCCI and KAM directories,"Pharmacies, wholesalers; traders and manufacturers","Terms not read [BG, UNVERIFIED]",Web lists and directories,Annual,Medium,amber,https://pharmacyboardkenya.org/
South Africa,CIPC (Companies and Intellectual Property Commission),"Companies and close corporations: enterprise number, status, address","Free enterprise search ended in 2021; disclosure certificate R30; developer API (APIVerse) needs application and approval, pricing not public [S]",Licensed API or resellers; no open bulk,Live,Medium: directors,amber,https://www.cipc.co.za/
South Africa,HPCSA register of practitioners,"Doctors, dentists, psychologists, allied health",Terms not read; UNVERIFIED,Registration status check; QR practising card [S]; no bulk,Live,HIGH: named individuals,amber,https://www.hpcsa.co.za/Dynamic/Search
South Africa,DBE EMIS Master List of Schools (2016-2021 on DataFirst),"Public and independent schools: name, province, district, phase, quintile, coordinates",DataFirst access terms not read; UNVERIFIED,Downloadable datasets with metadata [S],Annual (latest year seen: 2021) [S],Low at school level,amber,https://www.datafirst.uct.ac.za/dataportal/
South Africa,cidb Register of Contractors,Contractors by grade (1-9) and class of work,"Public register; terms not read [BG, UNVERIFIED]",Web search; downloads unconfirmed,Live,Medium,amber,https://www.cidb.org.za/
South Africa,DHET registers of private colleges and higher-education institutions; SAQA NLRD providers,"Registered private colleges, accredited providers","Terms not read [BG, UNVERIFIED]",PDF and web lists,Periodic,Low,amber,https://www.dhet.gov.za/
South Africa,Stats SA data,"Statistics, census, business frame aggregates",Free for non-commercial use only; neither the data nor processed versions may be sold without permission [S]. A paid download built on it would breach this,Downloads,Per release,Low,red,https://www.statssa.gov.za/
South Africa,data.gov.za and municipal open data,"Municipal facilities, clinics, schools layers",Per-dataset licence; UNVERIFIED [BG],CKAN downloads,Per dataset,Low,amber,https://data.gov.za/
South Africa,"Chambers and associations (Cape, Gauteng, SACCI, BUSA members)",Member firms by sector,"Directories belong to each body [BG, UNVERIFIED]",Web directories,Annual,Medium,amber,https://www.sacci.org.za/
Indonesia,Satu Data Indonesia (data.go.id),"Central, regional and agency datasets (health, education, economy)",Licence per dataset; UNVERIFIED,Portal downloads and API,Per dataset,Low,amber,https://data.go.id/
Indonesia,SATUSEHAT Master Sarana Index and RS Online (SIRS),"60,000+ facilities: 10,000+ primary care, 17,000 private clinics, 3,000 hospitals, 1,000 labs, 30,000+ pharmacies [R]",Whether public is unconfirmed; UNVERIFIED,Kemenkes systems; public export unknown,Unknown,Low,amber,https://kemkes.go.id/id/satusehat-platform-layanan-kesehatan-digital-indonesia
Indonesia,Dapodik school data (Kemendikdasmen),"Schools: institutional data, facilities (student, teacher and staff data exist in the system and must not be imported)",Terms not read; UNVERIFIED,Public school profile pages [BG]; no bulk confirmed,Semester,Low at school level; HIGH for teachers and students,amber,https://dapo.kemendikdasmen.go.id/
Indonesia,PDDikti (higher education database),"Universities, programmes, accreditation; the database also holds lecturers and students (do not import persons)",Terms not read; UNVERIFIED,Public search,Semester,HIGH for lecturers and students; low for institutions,amber,https://pddikti.kemdiktisaintek.go.id/
Indonesia,AHU Online (Ministry of Law) and OSS-RBA (NIB),Registered legal entities; business identification numbers (NIB replaced TDP and other permits) [S],Terms not read; AHU is a public lookup [S]; OSS needs an account (red if used logged in),Per-record search on ahu.go.id,Live,Medium,amber,https://ahu.go.id/
Indonesia,"LPJK / SIKI construction registry (SBU, SKK)",Construction firms with SBU certificates; workers with SKK,"Public SIKI search not confirmed [R, UNVERIFIED]",Unknown,Unknown,Medium-high for workers,amber,https://siki.pu.go.id/
Indonesia,KADIN Indonesia and sector association directories,Member firms,"Member directories belong to each body [BG, UNVERIFIED]",Web directories,Annual,Medium,amber,https://kadin.id/
Vietnam,National Business Registration Portal (dangkykinhdoanh.gov.vn),"Enterprises: name, enterprise ID, address, business lines, legal representative, status [S]",Basic info free; terms not found; UNVERIFIED,Vietnamese-only web search; no public API [S],Live,Medium: legal representative named,amber,https://dangkykinhdoanh.gov.vn/
Vietnam,"National Data Portal (data.gov.vn, open.data.gov.vn)","Open datasets (health, education, economy)",Licence varies by dataset [S],"CSV, JSON, GeoJSON, API [S]",Per dataset,Low,amber,https://data.gov.vn/
Vietnam,Ministry of Health and provincial Departments of Health licence lists,"Licensed hospitals, polyclinics, specialised clinics (licences issued by MoH and provincial health agencies [S])",Lists appear ad hoc (e.g. facilities eligible for foreigner health checks [S]); terms UNVERIFIED,Web and PDF lists per province,Ad hoc,Low,amber,https://moh.gov.vn/
Vietnam,"MOET lists of schools, universities and foreign-invested institutions","Universities, colleges, international schools","Terms not read [BG, UNVERIFIED]",Web lists,Annual,Low,amber,https://moet.gov.vn/
Vietnam,VCCI directory and VCCI-linked associations,"Exporters, manufacturers, SMEs","Directory belongs to VCCI [BG, UNVERIFIED]",Web directory,Unknown,Medium,amber,https://vcci.com.vn/
Brazil,Receita Federal CNPJ dados abertos,"All Brazilian legal entities: name, status, CNAE activity, address, partners (QSA) [S]","Public open files; the licence text is not shown in the snippets, so UNVERIFIED (likely upgradable to green). Brazil's open-data decree makes government data open by default [BG]",Monthly bulk files at arquivos.receitafederal.gov.br/dados/cnpj/dados_abertos_cnpj [S],Monthly [S],Medium: MEI and EI are natural persons under LGPD; partner CPF is masked; new MEI records have no CPF since Dec 2022 [S],amber,https://arquivos.receitafederal.gov.br/dados/cnpj/dados_abertos_cnpj
Brazil,CNES establishments (DATASUS),"All health establishments, public and private: type, beds, equipment, services (13 file types, 2005-2024) [R]",Licence not read; UNVERIFIED. CNES is described as a public registry [S],Monthly .dbc files by state on the DATASUS FTP; R packages healthbR and microdatasus read them [R],Monthly [R],Low for establishments,amber,https://cloud.r-project.org/web/packages/healthbR/vignettes/cnes-health-facilities.html
Brazil,CNES professionals file (same source),Health professionals linked to establishments,Person-level data under LGPD; do not import rows about named people; keep only counts by specialty per establishment [I],Same monthly files,Monthly,HIGH,amber,https://cloud.r-project.org/web/packages/healthbR/vignettes/cnes-health-facilities.html
Brazil,INEP school census (Censo Escolar) and school catalogue,"Schools: public and private, level, location",INEP moved to simplified microdata in 2022 and withheld student and teacher level data for LGPD reasons [S]; terms UNVERIFIED,Downloads at inep.gov.br,Annual,Low at school level,amber,https://www.gov.br/inep/pt-br
Brazil,dados.gov.br national open data portal,Datasets from federal bodies,Terms of use on the portal wiki; CC BY 4.0 is used at some Brazilian portals [S]; confirm per dataset,Portal downloads and API,Per dataset,Low,amber,https://dados.gov.br/
Brazil,CFM and state CRM portals,"Doctors: name, CRM number, state, specialty (400,000+) [R]","CFM warns doctors about data disclosure; Resolution 2,309/2022 governs data handling [R]; terms UNVERIFIED",Per-record search; no bulk,Live,HIGH: named individuals,amber,https://portal.cfm.org.br/
Brazil,e-MEC (higher education institutions and courses),"Accredited universities, colleges, courses","Terms not read [BG, UNVERIFIED]",Public search; open data files [BG],Continuous,Low,amber,https://emec.mec.gov.br/
Brazil,"CNI, FIESP, Fecomercio and chamber member directories","Manufacturers, traders","Member directories belong to each body [BG, UNVERIFIED]",Web directories,Annual,Medium,amber,https://www.portaldaindustria.com.br/
Mexico,INEGI DENUE (National Statistical Directory of Economic Units),"5-6 million establishments: name, activity (SCIAN), size band, address, coordinates, often phone and email; 2024 Economic Census edition [S]",INEGI Terminos de Libre Uso: commercial reuse with attribution [S],REST API (a free token is required per INEGI docs [BG]; one summary says no key [S]) and bulk downloads by state and activity [BG],Several editions a year [BG],Medium: sole traders' names and contacts,green,https://www.inegi.org.mx/app/mapa/denue/
Mexico,datos.gob.mx national open data portal,"Datasets from federal bodies (health CLUES, education, tourism)",Libre Uso MX terms: free reuse with attribution [S],CKAN downloads and API,Per dataset,Low,green,https://datos.gob.mx/
Mexico,"CLUES (Clave Unica de Establecimientos de Salud) catalogue, Secretaria de Salud / DGIS","Hospitals, clinics, health centres, public and private",Published as open data [BG]; licence text UNVERIFIED,Catalogue download [BG],Monthly [BG],Low,amber,https://www.dgis.salud.gob.mx/
Mexico,SEP school catalogue (Catalogo de Centros de Trabajo) and SIGED,"260,000+ schools [S]",Terms not read [UNVERIFIED],Catalogue file [BG]; SIGED is internal,Periodic,Low at school level,amber,https://www.sep.gob.mx/
Mexico,SIEM (Sistema de Informacion Empresarial Mexicano),Businesses registered with chambers (Secretaria de Economia),"Government directory; reuse terms not read [BG, UNVERIFIED]",Web search by state and activity,Live,Medium: contact people,amber,https://siem.economia.gob.mx/
Mexico,Cedula profesional lookup (SEP Registro Nacional de Profesionistas),"Licensed professionals (doctors, lawyers, architects)","Terms not read [BG, UNVERIFIED]",Per-record lookup by name or cedula number,Live,HIGH,amber,https://cedulaprofesional.sep.gob.mx/
United Kingdom,Companies House free company data product and API,"All live companies: name, number, type, registered office, SIC code, status, accounts dates (no officers) [S]",Open licence; Open Government Licence v3.0 [BG]; monthly snapshot is free [S],Monthly snapshot ZIPs of CSV within 5 working days of month end [S]; free REST API with key,Monthly snapshot; API live,Low-medium: sole-trader company addresses,green,https://www.data.gov.uk/dataset/companies-house-free-company-data-product
United Kingdom,CQC care directory and API,"Hospitals, GP practices, dentists, care homes, clinics with ratings and service types [S]",Open Government Licence [S],API and downloadable data sheets; updated daily [S],Daily [S],Low: registered managers named (drop them),green,https://www.cqc.org.uk/about-us/transparency/using-cqc-data
United Kingdom,Get Information About Schools (GIAS),"Every educational establishment in England, with type, phase, address, Ofsted link","Government data; OGL is likely [BG, snippet silent]",Downloads page generates a ZIP/CSV on demand [S],Daily [S],Low-medium: head teacher name fields (drop them),amber,https://get-information-schools.service.gov.uk/Downloads
United Kingdom,Food Standards Agency Food Hygiene Rating Scheme,"Restaurants, takeaways, caterers, shops that handle food, with ratings",Open Government Licence v3.0 [S],"API (XML, JSON) with no registration; per-authority XML files [S]",Daily to weekly [BG],Medium: includes sole traders' premises,green,https://ratings.food.gov.uk/open-data/
United Kingdom,Charity Commission register of charities (England and Wales),"Charities, schools trusts, community groups, with income",Open data downloads and API [S]; OGL is likely [BG],Downloadable register extracts and API,Weekly to monthly [BG],Medium: trustees named (drop them),green,https://register-of-charities.charitycommission.gov.uk/
United Kingdom,NHS England Organisation Data Service (ODS),"GP practices, pharmacies, hospitals, trusts","Open data under OGL [BG, UNVERIFIED]",Downloadable files and API,Weekly to monthly [BG],Low,amber,https://digital.nhs.uk/services/organisation-data-service
United Kingdom,"data.gov.uk and local authority open data (licensing, planning, food premises)","Premises licences, taxi, alcohol, care providers by council",Mostly OGL; read per dataset [BG],CKAN downloads,Per dataset,Low-medium,amber,https://www.data.gov.uk/
United Kingdom,"GMC, GDC, SRA and trade-scheme registers (Gas Safe, NICEIC, FCA)","Doctors, dentists, solicitors, regulated trades and finance firms","Public lookups; terms not read [BG, UNVERIFIED]",Per-record lookup; some APIs,Live,HIGH for named individuals,amber,https://www.gmc-uk.org/registration-and-licensing/the-medical-register
United States,"CMS NPPES NPI file (organisations, Type 2)","Hospitals, clinics, labs, group practices, DME suppliers with name, address, taxonomy","FOIA-disclosable public data; no charge [S]. CMS announced changes to NPPES data dissemination in a Federal Register notice of 31 July 2025 that this search could not open [S, UNVERIFIED]",Monthly full-replacement ZIP plus weekly incremental and monthly deactivation files [S],Monthly and weekly [S],Low for organisations,green,https://www.cms.gov/medicare/regulations-guidance/administrative-simplification/data-dissemination
United States,"CMS NPPES NPI file (individual providers, Type 1)","Doctors, dentists, nurses, therapists with name, practice address, phone, taxonomy","Same file; individuals' records should not be bulk-published (state privacy laws, CCPA covers business contacts) [R]",Same files,Monthly and weekly,HIGH: named individuals,amber,https://www.cms.gov/medicare/regulations-guidance/administrative-simplification/data-dissemination
United States,FDA establishment registration and listing,"Food, drug, device manufacturers and importers",CC0 per pilot research; repo default green [R],Bulk files,Continuous,Low,green,https://www.fda.gov/
United States,"SEC EDGAR (company tickers, submissions, bulk JSON)","Listed and filing companies with SIC code, address, filings","US government filings are public; automated access must follow SEC fair-access limits and set a user agent [S, BG]",ftp.sec.gov and nightly bulk ZIP at about 3 a.m. ET [S]; data.sec.gov submissions JSON [S],Nightly [S],Low,green,https://www.sec.gov/page/sec-api-documentation
United States,IRS Tax Exempt Organization Search bulk data,"Charities, nonprofits, schools, churches: Pub. 78, revocation list, 990-N, 990 series [S]",US government data; downloads offered [S],Bulk downloads on irs.gov [S],Monthly [BG],Low: EINs of organisations,green,https://www.irs.gov/charities-non-profits/exempt-organizations-select-check
United States,"NCES Common Core of Data (public schools, districts) and Private School Universe Survey; IPEDS colleges",Public schools and districts with address and phone; private schools; colleges,US government statistical data; CCD datasets 1995 to latest; Build a Table tool [S],Downloads,Annual,Low at school level,green,https://nces.ed.gov/ccd/
United States,"State licensing boards (contractors, medical, cosmetology) e.g. California CSLB",Licensed contractors and professionals by state,Varies by state; CSLB sells a Full File and Update File at USD 235 each [S]; resale terms UNVERIFIED,Mostly per-record web search; a few states sell bulk files,Live,HIGH for individuals (home addresses sometimes shown),amber,https://www.cslb.ca.gov/Resources/FormsAndApplications/FULL_FILE_-_UPDATE_FILE_ORDER_FORM.pdf
United States,State Secretary of State business registries and SAM.gov entity data,Companies and LLCs; federal contractors,"Terms vary by state; some sell bulk; SAM.gov public extract terms not read [BG, UNVERIFIED]",State portals; SAM.gov bulk extract,Live to daily,Medium: registered agents and sole proprietors,amber,https://sam.gov/
United States,"City and state open data portals (NYC, Chicago, Los Angeles, Texas)","Business licences, health inspections, permits","Per-portal terms, often permissive; read per dataset [BG]",Socrata and CKAN downloads,Per dataset,Low-medium,amber,https://opendata.cityofnewyork.us/
Germany,Handelsregister (common registers portal),Companies: HRA/HRB entries (about 150 local court registers behind one portal) [S],"Free to view since August 2022 [S]; automated bulk retrieval is limited by portal rules [BG, UNVERIFIED]",Per-record search on handelsregister.de; paid structured data via vendors,Live,Medium: managing directors named,amber,https://www.handelsregister.de/
Germany,Unternehmensregister and Bundesanzeiger,Annual accounts and notices of companies; Bundesanzeiger updates daily [S],"Public notices; reuse terms restrictive [BG, UNVERIFIED]",Web search,Daily [S],Medium,amber,https://www.unternehmensregister.de/
Germany,GovData (national open data portal),"120,000+ datasets: facilities, schools, hospitals, transport (September 2024) [S]",Datenlizenz Deutschland (dl-de/by-2-0 and dl-de/zero-2-0) allows commercial reuse with attribution [S]; some datasets use other licences,CKAN downloads and API,Per dataset,Low,green,https://www.govdata.de/
Germany,Destatis GENESIS-Online,1.2 billion statistical values from 306 statistics [S]; business and education aggregates (not lists),"Open data; Datenlizenz Deutschland attribution [S, BG]",API and downloads,Per release,None,green,https://www.destatis.de/EN/Press/2021/07/PE21_351_p001.html
Germany,G-BA structured quality reports of hospitals,All German hospitals with departments and case counts (XML),Published by the Federal Joint Committee; reuse terms UNVERIFIED [BG],XML files by reporting year [BG],Annual,Low,amber,https://www.g-ba.de/
Germany,Bundesaerztekammer Arztsuche and Kassenaerztliche Vereinigung doctor search; Stiftung Gesundheit Arzt-Auskunft,Physicians by region and specialty,Chambers and KVs run search tools [S]; Arzt-Auskunft is offered for embedding on websites (licence needed) [S]; no open bulk,Per-search web tool; paid embed,Live,HIGH: named individuals,amber,https://www.bundesaerztekammer.de/arztsuche
Germany,Handwerkskammern (Handwerksrolle) and IHK company search,"Craft businesses (plumbers, electricians, bakers, roofers) by chamber; member firms","Public lookups per chamber; the IHK Act limits use of member data [BG, UNVERIFIED]",Per-chamber web search,Live,Medium: sole traders,amber,https://www.zdh.de/
Germany,Hochschulkompass (HRK),"Universities, programmes","Terms not read [BG, UNVERIFIED]",Web search and lists,Continuous,Low,amber,https://www.hochschulkompass.de/
France,Base SIRENE (INSEE),"All businesses and establishments: SIREN/SIRET, name, address, NAF code, status, size band; about 9M legal entities, 10M active establishments [S]","Licence Ouverte (open licence), free reuse since 1 January 2017 [S]",Monthly stock CSV files and daily update files on data.gouv.fr [S]; API,"Monthly stock, daily updates [S]",Medium: sole traders (entrepreneurs individuels); non-diffusible entries must be dropped [BG],green,https://www.data.gouv.fr/fr/datasets/base-sirene-des-entreprises-et-de-leurs-etablissements-siren-siret/
France,Annuaire de l'education (Ministry of National Education),"Public and private schools, medico-social institutions, information centres; sources ONISEP and RAMSESE [S]",data.gouv.fr dataset; Licence Ouverte is likely [BG],Download and API on data.gouv.fr [S],Frequent,Low-medium: head names in some fields (drop them),green,https://www.data.gouv.fr/datasets/annuaire-de-leducation
France,FINESS (national file of health and social establishments),"Hospitals, clinics, labs, pharmacies of record, care homes, social structures with category and legal status",Full extract on data.gouv.fr [S]; Licence Ouverte is likely [BG],Download 'Extraction FINESS' on data.gouv.fr [S],Frequent,Low,green,https://drees.solidarites-sante.gouv.fr/sources-outils-et-enquetes/le-fichier-national-des-etablissements-sanitaires-et-sociaux-finess
France,RPPS and Annuaire Sante (health professionals),"Doctors, dentists, nurses, pharmacists and their practice situations; data from the professional orders and ARS [S]",Free to read or manually download excerpts at annuaire.sante.fr [S]; open extract terms UNVERIFIED,Excerpt downloads and API,Frequent,HIGH: named individuals; GDPR Article 14 notice duty applies,amber,https://annuaire.sante.fr/
France,data.gouv.fr and annuaire-entreprises.data.gouv.fr API,National portal; company search API built on SIRENE and RNE,Licence Ouverte for most datasets [BG]; confirm per dataset,CKAN-style downloads; free API [BG],Per dataset,Low-medium,green,https://www.data.gouv.fr/
France,"Chambers of commerce and trades (CCI, CMA) and professional orders (CNOM, CNOP, avocats)",Craft and trade firms; regulated professionals,"Directories and annuaires belong to each body [BG, UNVERIFIED]",Web directories,Live,HIGH for individuals,amber,https://www.cci.fr/
Philippines,SEC eSEARCH,"Corporations, partnerships, foreign branches [S]","Basic name search free, no account; certified documents PHP 50-500 per document with an account [S]; reuse terms UNVERIFIED",Per-record search,Live,Medium,amber,https://www.sec.gov.ph/
Philippines,DTI Business Name Registration System verification,Sole-proprietor business names (five-year registration) [S],Terms not read; UNVERIFIED,bnrs.dti.gov.ph/verification per-record,Live,HIGH: sole proprietors are individuals,amber,https://bnrs.dti.gov.ph/verification
Philippines,PSA OpenSTAT,Statistics (not lists),"Open data licence: free use, re-use and redistribution with source attribution [S]",PC-Axis tables and downloads,Per release,None,green,https://openstat.psa.gov.ph/
Philippines,data.gov.ph,Datasets from national agencies,Free and without restriction unless otherwise indicated; credit the agency [S],Portal downloads,Per dataset,Low,green,https://data.gov.ph/
Philippines,DOH National Health Facility Registry (NHFR),Official master list of health facilities [S],Terms not read; public export unconfirmed; UNVERIFIED,Registry web search,Unknown,Low,amber,https://nhfr.doh.gov.ph/
Philippines,CHED lists of higher education institutions; DepEd masterlist of schools,Universities and colleges; basic education schools,"CHED lists are PDFs and web pages [S]; DepEd terms not read [BG, UNVERIFIED]",PDF and web lists,Annual,Low,amber,https://ched.gov.ph/list-of-higher-education-institutions-2/
Philippines,PRC LERIS licence verification,"Licensed professionals (engineers, doctors, accountants, architects)",Free verification by name or licence number [R]; terms UNVERIFIED,Per-record; no bulk,Live,HIGH: named individuals,amber,https://verification.prc.gov.ph/
Philippines,PhilGEPS merchants and PCCI / PHILEXPORT directories,Government suppliers; exporters and traders,"Terms not read [BG, UNVERIFIED]",Web search and directories,Live,Medium,amber,https://www.philgeps.gov.ph/
Sri Lanka,Registrar of Companies eROC,Companies by name or registration number [S],"An account is required for all access; paid extracts LKR 500-5,000; partial English interface [S]. Account-gated, so red for agents","Per-record, login",Live,Medium,red,https://eroc.drc.gov.lk/
Sri Lanka,"Open Data Portal Sri Lanka (data.gov.lk, ICTA)","Agriculture, demography, economy, infrastructure, transport datasets [S]",Licence listed as 'Open (varies)' [S],Portal downloads and API,Per dataset,Low,amber,https://data.gov.lk/
Sri Lanka,UGC recognised universities and institutions,17 state universities [S] plus recognised degree-awarding institutes,Terms not read [UNVERIFIED],Web lists,Annual,Low,amber,https://www.ugc.ac.lk/
Sri Lanka,SLMC registers (MySLMC),"Medical practitioners, specialists, dentists, pharmacists, midwives, paramedical staff [S]",Free search 24 hours; terms not read [S],Per-record search; no bulk,Live,HIGH: named individuals,amber,https://slmc.gov.lk/en/public/registers
Sri Lanka,Ceylon Chamber of Commerce Directory of Members and SME registry,630 member companies in the directory [S]; SME registry launched by the Chamber [S],Directory belongs to the Chamber; written permission needed,Printed and web directory,Annual,Medium,amber,https://www.chamber.lk/
Sri Lanka,Private health and training regulators (PHSRC registered private medical institutions; TVEC registered training institutes),"Private hospitals, labs; NVQ training providers","Public lists likely; terms not read [BG, UNVERIFIED]",Web lists and PDFs,Periodic,Low,amber,https://tvec.gov.lk/
Sri Lanka,Department of Census and Statistics,Statistics and establishment census aggregates [BG],Terms not read [UNVERIFIED],Downloads,Per release,None,amber,https://www.statistics.gov.lk/
Excluded,"Google Maps Platform (Places API, Place Details, Geocoding) and any scraping of Google Maps","Business names, addresses, phones, ratings, reviews","Terms bar export, extraction, scraping and bulk download of Maps content, including places data, business names, addresses and reviews, and caching beyond narrow limits [S]; repo rule R22",Scrapers and SERP APIs,n/a,Reviews are personal data of reviewers,red,https://cloud.google.com/maps-platform/terms/maps-service-terms/index-20240422
Excluded,"Google Business Profile, Google Search results, Google Scholar",Business profiles; ranked results; academic profiles,Terms prohibit automated access [BG]; Scholar has no API and blocks fast queries [R],n/a,n/a,Medium-high,red,https://policies.google.com/terms
Excluded,"Facebook and Instagram pages, groups, Marketplace (Meta)","Business pages, contacts, groups","Terms ban collecting data by automated means [S]. In Meta v. Bright Data (N.D. Cal., 23 Jan 2024) the court found no breach of contract by logged-off scraping of public data [S]; that narrow ruling does not cover logged-in access, privacy law or copyright, so the repo keeps this red (D15, R22)",n/a,n/a,HIGH,red,https://www.facebook.com/terms.php
Excluded,LinkedIn profiles and company pages (and tools like Kaspr built on them),People and companies,"hiQ v. LinkedIn ended with USD 500,000 judgment, permanent injunction and deletion order (Dec 2022) [R]; CNIL fined KASPR EUR 240,000 for scraping contact details beyond what users expected, including breach of the Article 14 notice duty [S]",n/a,n/a,HIGH,red,https://www.linkedin.com/legal/user-agreement
Excluded,Yelp (Fusion API and site),"Reviews, local businesses",Content may not be cached over 24 hours; commercial use needs written consent; no use to train generative AI [S],API,n/a,Medium,red,https://terms.yelp.com/developers/api_terms/
Excluded,Tripadvisor (Content API and site),"Hotels, restaurants, attractions",Scraping and browser automation prohibited; only location_id may be cached without limit [S],API,n/a,Medium,red,https://tripadvisor-content-api.readme.io/reference/terms-of-use
Excluded,"Justdial, IndiaMART, Sulekha, Zameen, Dubizzle, OLX, Property Finder, Jiji and other directories or classifieds","Business listings, dealer and agent contacts","Site terms bar scraping; in India scraping can also raise liability under the IT Act, 2000 [S]; these are also AllLists's competitors","Scrapers (Apify, Oxylabs) sell the data [S]",n/a,HIGH,red,https://www.justdial.com/Terms-of-use
Excluded,Baidu Maps and Amap (Gaode),China POIs,"Named red in the repo (R22, D15). Their terms were not retrievable in this search, so the platform terms are UNVERIFIED",Scraping,n/a,Medium,red,https://lbsyun.baidu.com/
Excluded,"Bought or rented lists and data-broker files (ZoomInfo, Apollo, InfobelPRO, Dun & Bradstreet extracts, B2B list vendors)",Contacts and firmographics,Licences bar resale and often require seed-record audit; repo rule R22 names bought lists red [R],Purchase,n/a,HIGH,red,https://www.infobelpro.com/
Excluded,"Third-party scrapes and mirrors of official registers (Apify actors for NMC, GSTIN, CNES; zavis.ai doctor profiles; ePharma doctor chambers; masothue-style tax code sites)","Doctors, firms","Shows the data is reachable, not that it is permitted; they carry their own terms and personal data [R]",Resold feeds,n/a,HIGH,red,https://apify.com/
Excluded,"Registers behind logins, OTP, captcha or national-ID checks (TAMM, UAE Pass, MERSIS, eROC, NADRA, Aadhaar-linked, GST and Udyam captcha tools used by bots)",Any,"The gate treats logins and anti-bot bypass as red (R22); a human may verify one record, an agent may not",n/a,n/a,HIGH,red,backend/intake/gate.py
Excluded,"National ID numbers (CNIC, Aadhaar, Emirates ID, Iqama, CPF, NIK) and tax numbers of individuals",Identifiers,Never collect or store; use only to verify with the owner's consent [I],n/a,n/a,HIGH,red,docs/DECISIONS.md
Excluded,"Published taxpayer and election lists naming individuals (FBR Active Taxpayer List by CNIC, bar council voter-list PDFs)",Individuals,"Published for tax or election purposes; commercial reuse is questionable [R, I]",PDF and web lists,Annual,HIGH,red,https://www.fbr.gov.pk/
Excluded,"WhatsApp, Telegram and Facebook group member lists; Truecaller-style crowd contact books",Phones of tradespeople,Members did not consent to a public directory; platform terms bar it [BG],n/a,n/a,HIGH,red,https://www.whatsapp.com/legal/terms-of-service
Excluded,"GitHub, Kaggle, Upwork, Fiverr profiles pulled for recruiters",Talent lists,GitHub bars selling users' personal data to recruiters; Upwork bars robots without written permission; Kaggle terms are a binding contract [R],API and scraping,n/a,HIGH,red,https://docs.github.com/en/site-policy/acceptable-use-policies/github-acceptable-use-policies
Excluded,Foursquare Premium attributes and paid Places API (anything beyond the open 22 core fields),Extra attributes,Open licence covers FSQ OS Places only; premium fields are a paid product [R],API,n/a,Low,red,https://docs.foursquare.com/data-products/docs/fsq-places-open-source
Excluded,"Leaked, breached or unattributed datasets, and any source without a recorded licence and date",Any,"Violates D17 (every record keeps source, licence, date, consent status)",n/a,n/a,HIGH,red,docs/DECISIONS.md
